<?xml version="1.0" encoding="utf-8"?>
<databaseChangeLog
    xmlns="http://www.liquibase.org/xml/ns/dbchangelog"
    xmlns:xsi="http://www.w3.org/2001/XMLSchema-instance"
    xsi:schemaLocation="http://www.liquibase.org/xml/ns/dbchangelog http://www.liquibase.org/xml/ns/dbchangelog/dbchangelog-latest.xsd">
    <property name="now" value="current_timestamp" dbms="postgresql"/>
    <property name="floatType" value="float4" dbms="postgresql"/>
    <property name="clobType" value="clob" dbms="postgresql"/>
    <property name="blobType" value="blob" dbms="postgresql"/>
    <property name="uuidType" value="uuid" dbms="postgresql"/>
    <property name="datetimeType" value="datetime" dbms="postgresql"/>
    <property name="timeType" value="time(6)" dbms="postgresql"/>

    <include file="config/liquibase/changelog/00000000000000_initial_schema.xml" relativeToChangelogFile="false"/>
    <include file="config/liquibase/changelog/20250617054212_added_entity_WorkGroup.xml" relativeToChangelogFile="false"/>
    <include file="config/liquibase/changelog/20250617054213_added_entity_Project.xml" relativeToChangelogFile="false"/>
    <include file="config/liquibase/changelog/20250617054214_added_entity_Task.xml" relativeToChangelogFile="false"/>
    <include file="config/liquibase/changelog/20250617054215_added_entity_Comment.xml" relativeToChangelogFile="false"/>
    <include file="config/liquibase/changelog/20250617054216_added_entity_WorkGroupMembership.xml" relativeToChangelogFile="false"/>
    <!-- jhipster-needle-liquibase-add-changelog - JHipster will add liquibase changelogs here -->
    <include file="config/liquibase/changelog/20250617054213_added_entity_constraints_Project.xml" relativeToChangelogFile="false"/>
    <include file="config/liquibase/changelog/20250617054214_added_entity_constraints_Task.xml" relativeToChangelogFile="false"/>
    <include file="config/liquibase/changelog/20250617054215_added_entity_constraints_Comment.xml" relativeToChangelogFile="false"/>
    <include file="config/liquibase/changelog/20250617054216_added_entity_constraints_WorkGroupMembership.xml" relativeToChangelogFile="false"/>
    <include file="config/liquibase/changelog/20250619_added_archived_column_to_task.xml" relativeToChangelogFile="false"/>
    <include file="config/liquibase/changelog/20250624212538_added_entity_TaskPriority.xml" relativeToChangelogFile="false"/>
    <include file="config/liquibase/changelog/20250624212539_added_entity_TaskStatus.xml" relativeToChangelogFile="false"/>
    <!-- jhipster-needle-liquibase-add-constraints-changelog - JHipster will add liquibase constraints changelogs here -->
    <!-- jhipster-needle-liquibase-add-incremental-changelog - JHipster will add incremental liquibase changelogs here -->
</databaseChangeLog>
