{
  "generator-jhipster": {
    "applicationType": "microservice",
    "authenticationType": "oauth2",
    "baseName": "taskmanager",
    "buildTool": "maven",
    "cacheProvider": "redis",
    "clientFramework": "no",
    "clientTestFrameworks": null,
    "clientTheme": null,
    "creationTimestamp": 1749562465871,
    "databaseType": "sql",
    "devDatabaseType": "postgresql",
    "enableHibernateCache": false,
    "enableSwaggerCodegen": true,
    "enableTranslation": false,
    "entities": ["WorkGroup", "Project", "Task", "Comment", "WorkGroupMembership", "TaskPriority", "TaskStatus"],
    "feignClient": true,
    "jhipsterVersion": "8.11.0",
    "jwtSecretKey": "NDYwYTM0YWQwNTcwNGQ5Yjc3MzE4YWU0MmM2ZWQ2NTUzNTMwYjlhMjc0NTE4YmVjMTNjNjAwMWI2N2NlYTRlOTkxZDYxYmU4ODFkMTE5YjY2NjdjNzIyY2MwMjM0OTVlODIxNjA1MDA3YWJhZDQxNjA0YjBlOTMyZGU3YjZkMjE=",
    "lastLiquibaseTimestamp": 1750800339000,
    "microfrontend": null,
    "microfrontends": [],
    "monorepository": true,
    "nativeLanguage": "en",
    "packageName": "com.dcmc.apps.taskmanager",
    "prodDatabaseType": "postgresql",
    "reactive": false,
    "serverPort": 8081,
    "serviceDiscoveryType": "consul",
    "skipClient": true,
    "skipCommitHook": true,
    "skipUserManagement": true,
    "syncUserWithIdp": true,
    "testFrameworks": [],
    "withAdminUi": null
  }
}
