{
  "annotations": {
    "changelogDate": "20250617054215"
  },
  "applications": "*",
  "clientRootFolder": "taskmanager",
  "databaseType": "sql",
  "dto": "mapstruct",
  "fields": [
    {
      "fieldName": "content",
      "fieldType": "String",
      "fieldValidateRules": ["required"]
    },
    {
      "fieldName": "createdAt",
      "fieldType": "Instant",
      "fieldValidateRules": ["required"]
    }
  ],
  "microserviceName": "taskmanager",
  "name": "Comment",
  "pagination": "pagination",
  "relationships": [
    {
      "otherEntityField": "title",
      "otherEntityName": "task",
      "otherEntityRelationshipName": "comments",
      "relationshipName": "task",
      "relationshipSide": "right",
      "relationshipType": "many-to-one"
    }
  ],
  "searchEngine": "no",
  "service": "serviceClass"
}
