{
  "annotations": {
    "changelogDate": "20250624212538"
  },
  "applications": "*",
  "clientRootFolder": "taskmanager",
  "databaseType": "sql",
  "dto": "mapstruct",
  "fields": [
    {
      "fieldName": "name",
      "fieldType": "String",
      "fieldValidateRules": ["required"]
    },
    {
      "fieldName": "level",
      "fieldType": "Integer"
    },
    {
      "fieldName": "visible",
      "fieldType": "Boolean",
      "fieldValidateRules": ["required"]
    }
  ],
  "microserviceName": "taskmanager",
  "name": "TaskPriority",
  "pagination": "pagination",
  "relationships": [],
  "searchEngine": "no",
  "service": "serviceClass"
}
