{
  "annotations": {
    "changelogDate": "20250617054212"
  },
  "applications": "*",
  "clientRootFolder": "taskmanager",
  "databaseType": "sql",
  "dto": "mapstruct",
  "fields": [
    {
      "fieldName": "name",
      "fieldType": "String",
      "fieldValidateRules": ["required"]
    },
    {
      "fieldName": "description",
      "fieldType": "String"
    }
  ],
  "microserviceName": "taskmanager",
  "name": "WorkGroup",
  "pagination": "pagination",
  "relationships": [],
  "searchEngine": "no",
  "service": "serviceClass"
}
